subject,condition,score
0,pre,-1.8352418172860812
0,week1,6.125515787796653
0,week2,6.661772551307013
0,week3,3.831018738401847
1,pre,2.528222959991382
1,week1,2.805731888868112
1,week2,-3.8757947831741593
1,week3,3.2122659301648198
2,pre,4.902203717431071
2,week1,7.35875434408521
2,week2,1.1268180891309143
2,week3,2.7997755682114875
3,pre,1.294793273467039
3,week1,3.2504603683921522
3,week2,3.458310832446736
3,week3,4.965586186808931
4,pre,1.482110129708054
4,week1,-0.15614811592070876
4,week2,-0.755833550824538
4,week3,0.22909413534998535
5,pre,-0.947048977667733
5,week1,-3.13434141647269
5,week2,-0.7590705463208858
5,week3,-1.627076846617645
6,pre,0.35382361427265846
6,week1,-0.2971943830599084
6,week2,6.459951263307271
6,week3,0.2901093538871917
7,pre,-1.1128692101992377
7,week1,2.584201827944737
7,week2,10.072124930531619
7,week3,1.0790958789851868
8,pre,-1.477592310976465
8,week1,3.083020487308392
8,week2,3.468869446598935
8,week3,3.7851169105015323
9,pre,0.8705319308774002
9,week1,4.734337564361176
9,week2,-1.807797286697518
9,week3,-0.11185927485218716
10,pre,-2.7819380693706024
10,week1,1.2576715175383022
10,week2,6.112843143914187
10,week3,2.549343531016386
11,pre,-1.8867325865952516
11,week1,5.413077854433715
11,week2,-2.4851973365258324
11,week3,0.6260379242626106
12,pre,3.0480461884244923
12,week1,-1.237604766924588
12,week2,-3.7805617200607484
12,week3,2.3315701568123854
13,pre,0.6274971050718388
13,week1,6.199019737194925
13,week2,0.21996645765625766
13,week3,4.062470708083361
14,pre,2.2961329514603226
14,week1,-3.379250914354932
14,week2,3.9906319649353925
14,week3,2.543360382048002
15,pre,3.7616739187190884
15,week1,-2.697743599606185
15,week2,2.332864957870079
15,week3,4.281071944258464
16,pre,4.524818377431381
16,week1,5.273826651352516
16,week2,0.056279012893833746
16,week3,5.2903669118284995
17,pre,-0.7873253960972568
17,week1,-0.2153523580129355
17,week2,-0.022137837075133948
17,week3,1.196673019927215
