group,factor,age,score,event
control,high,46.2812667999931,79.32820509152224,1
control,high,32.9107790183309,85.23951431436934,0
active,high,41.81901946297164,74.91659882791146,1
control,high,33.470420353270605,74.15362471539912,0
active,low,30.873730374553908,76.40514910015602,0
active,low,35.9118539073754,73.4113786085627,0
control,low,27.148608523487432,71.66084432636164,1
active,low,43.375535215309576,81.67770395126598,0
active,high,44.52834467547932,81.72722795655221,1
active,high,33.827457257635125,84.5002551903863,1
active,low,27.7699131609141,79.22896876356826,1
control,high,39.694691646701905,80.78240002839343,1
control,low,36.81879018221913,69.6057893563119,0
active,low,40.35279336857595,76.65685693775843,0
control,high,31.291586609623195,75.42125391065481,1
active,high,37.92486223481742,88.1625165627949,0
control,low,40.052427679977,74.81703039701199,0
control,low,49.06032840777932,75.04512425487263,1
control,low,31.52316242805943,70.97410815653977,0
control,low,41.54040405351295,82.14010301814145,0
control,low,33.48081194633522,73.25745738623777,0
control,low,37.35622407870039,70.06067403149888,1
control,high,46.24259053182719,72.08125935570648,0
active,high,27.65708885356875,72.77129546463858,0
active,high,27.509582159299168,85.08925422436148,0
control,high,35.37246979095294,70.44603991719967,0
active,low,34.147748064668946,83.83905700083253,0
control,high,48.02281686353405,90.14288027401626,1
active,low,30.490080217390858,76.31074899050112,0
control,low,47.88528049645379,82.77724495913212,1
active,high,35.448876247142906,91.25374140865722,0
active,high,41.404001285795765,74.56486899646525,1
control,low,32.425675636353894,74.55797964585304,0
control,low,26.500725223687926,91.1024735283354,0
active,high,34.25601210252315,82.30482612207125,0
active,low,41.14762169306347,83.04012914708356,0
control,high,32.31760272679254,84.84712266046658,1
active,low,29.90989067986402,74.75859641469543,1
control,high,41.22701608884263,78.3986178300329,1
control,low,17.644746838185966,73.18515851525994,0
control,high,34.15783046430549,93.56446214604713,0
active,high,37.84049434549721,85.11644148637525,1
control,low,29.167750175164393,66.51975627703821,0
active,high,32.41030263547507,87.36918824118159,0
control,low,39.917679223517105,75.84356846864415,1
active,low,34.994998710048336,79.57080229016039,1
control,high,26.36969992419042,76.60898021959467,0
control,high,35.23843793287205,73.95401105333099,0
active,low,26.52063458678048,83.08274812124104,1
active,high,40.07090980200484,73.23076919413452,1
active,low,41.0844489742271,81.97129647837288,1
active,low,38.98182442258857,83.3645513445467,1
control,high,40.89066337294349,82.74331997267282,0
control,high,35.998980998681965,78.52551554369133,1
control,high,25.3166932469313,82.96873067208821,0
control,low,30.838149948985027,81.23634115729692,0
active,low,35.70696753700922,80.30865108428148,1
control,low,42.203974200814784,83.31573630432271,1
active,low,35.536904389952376,74.1180369316131,0
control,high,44.14066623629169,85.60752655075042,0
active,low,29.49608718014942,84.00111945290232,0
active,high,41.25778912552937,74.55943452904246,0
control,low,19.918199551769412,72.56738533548659,0
control,high,38.607682508247045,82.56600423163958,1
control,high,29.65185912351356,66.32233947181395,1
active,high,38.95951818469371,77.52733595184729,0
active,high,33.65380979949056,81.58669747526933,1
control,high,31.39951451791871,81.5578091566093,0
active,low,37.42933899864332,89.39114272055171,0
control,high,41.71358047230612,83.63447682361871,0
control,low,38.45382128863459,67.41492516172201,1
control,low,47.75107761692395,68.12877711509861,0
control,high,32.77997867955248,68.7622843512719,0
control,low,35.89930900955762,74.12898289574046,0
active,low,30.99491750240299,77.90653522778625,0
control,low,36.708913288123014,70.95792200368724,0
active,low,40.98590628860705,74.96662319635934,1
control,low,44.404933386578186,78.93085996034621,1
active,low,35.352651209341204,83.68538286819762,1
active,low,25.89074371363001,84.93751554721507,0
active,low,32.11639541398265,73.77571700767524,0
control,low,36.0586832483248,79.99172455630165,0
control,high,36.70431252502523,67.09757661721576,0
active,high,41.11864638848605,77.80771917045563,1
control,high,43.22497746219685,80.23471336617294,0
control,low,31.942446482222994,73.29730098270782,0
control,high,28.59541088318393,71.49432408332072,1
active,low,25.282118185828338,73.63442840263687,1
control,high,35.6696412365128,76.04750419451524,1
control,low,45.71733243785347,78.8476810332525,0
